type,country,id,community
company,Nalakond,Spanish Shrimp  Carriers,0
organization,Unknown,185040354,1
company,Rio Isla,Faroe Islands Shrimp Shark,1
organization,Unknown,506,12
organization,Unknown,4937447,12
organization,Unknown,4,1
organization,Unknown,860067396,0
organization,Unknown,664738735,0
location,Unknown,77b46bc7-7e31-41a0-973c-e633011d21b0,1
organization,Unknown,7,1
organization,Unknown,7,1
organization,Unknown,35,1
political_organization,Unknown,6406040,1
person,Country_271835,Jamie Knox,1
organization,Unknown,3506021,0
political_organization,Unknown,348079,0
political_organization,Unknown,78,0
organization,Unknown,300668979,0
organization,Unknown,2,6
organization,Unknown,5,13
location,Unknown,0715f2ea-3d11-4eaa-a0c4-fb3290896531,12
organization,Unknown,7298083,1
organization,Unknown,21,12
organization,Unknown,6,12
person,Country_271835,Alexander Buchanan,12
person,Oceanus,Maria Mitchell,12
organization,Unknown,9,6
person,Oceanus,Amanda Mckenzie,7
organization,Unknown,8698,11
person,Country_271835,Claire Russell,11
organization,Unknown,964,11
organization,Unknown,93873119,1
person,Country_271835,Jeremy Cordova,6
location,Unknown,602ea158-0519-47fc-badc-787721580418,6
organization,Unknown,551,0
organization,Unknown,380,0
location,Unknown,f20779bf-63b5-4ea4-bb5f-944bb9449bce,6
organization,Unknown,349,6
organization,Unknown,84616,6
location,Unknown,ee05a28e-82ba-4f1d-a60f-68797a422ada,0
organization,Unknown,83,0
Uncategorized,Unknown,âunregulatedâ,6
location,Unknown,3b728c8f-1eaa-4f16-8c63-d3bcffd437bb,2
organization,Unknown,2989,1
organization,Unknown,967,6
location,Unknown,df42b319-be6a-4a2e-b11d-c4da7ecfc01c,2
organization,Unknown,185106,2
organization,Unknown,26,6
organization,Unknown,860600018,7
organization,Unknown,435054320,2
vessel,Unknown,Cutter,2
Uncategorized,Unknown,Sept,13
person,Nalakond,John Gonzalez,7
organization,Unknown,9203,6
organization,Unknown,3878194,0
person,Country_271835,Amy Kent,0
Uncategorized,Unknown,Conventionâ,0
vessel,Unknown,water fishing,6
organization,Unknown,760079,6
organization,Unknown,3009706,6
location,Unknown,0f5fd4f9-1683-464e-9459-a4488de5064b,0
organization,Unknown,449308,1
organization,Unknown,200640636,0
person,Country_271835,Debbie Daniel,0
company,Country_628643,png xi  Line,6
organization,Unknown,7361,6
organization,Unknown,5848,0
organization,Unknown,235866056,1
location,Unknown,d5b94ebc-e03a-438e-872b-a15db349a748,6
person,Country_271835,Ashley Wiggins,6
organization,Unknown,737205,1
person,Country_271835,Clayton Rodgers,6
person,Country_271835,Randy Collins,6
person,Country_271835,Brandon Berger,6
organization,Unknown,4783,6
location,Unknown,e2816018-e01c-4eac-8dc5-e84aebc22cff,6
person,Country_271835,Vanessa Avila,6
organization,Unknown,529,6
organization,Unknown,47924922,11
political_organization,Unknown,12845006,11
organization,Unknown,9488645,11
person,Merigrad,Lauren Moore,1
Uncategorized,Unknown,âlocalâ,1
Uncategorized,Unknown,Leominster Provincetownâ,1
location,Unknown,371bf15a-3000-499a-88e4-cc096b028ec7,0
political_organization,Unknown,913428,0
person,Country_271835,Jason Davis,11
person,Country_271835,Kyle Stanton,6
person,Oceanus,Stephanie Hinton,1
organization,Unknown,47562016,0
organization,Unknown,672,13
location,Unknown,02cd44a1-7945-40d9-b38f-56f70976582c,1
organization,Unknown,7950,1
organization,Unknown,44,1
company,Vesperlandia,Mar del Oeste Pic,6
organization,Unknown,8327,2
organization,Unknown,40213337,2
vessel,Unknown,cutters,2
vessel,Unknown,Coast,2
organization,Unknown,7505050,2
event,Unknown,Today,2
organization,Unknown,98332,12
organization,Unknown,78565892,12
location,Unknown,df365f60-c399-42f5-ad38-736145edef5e,12
organization,Unknown,4146760,6
organization,Unknown,9786,0
person,Country_271835,Stephanie Garner,0
person,Country_271835,Jeremy Norris,6
organization,Unknown,897,12
vessel,Unknown,Ocean Tuna,1
organization,Unknown,262157542,1
organization,Unknown,46194,1
organization,Unknown,9204971,1
organization,Unknown,2230601,1
vessel,Unknown,Explorer,6
organization,Unknown,36295,0
person,Country_271835,Jeremiah Delacruz,0
event,Unknown,âsquids,0
event,Unknown,âclams,0
event,Unknown,Octopus,0
organization,Unknown,60253,0
organization,Unknown,13015105,0
event,Unknown,âSocioeconomic,0
person,Country_271835,Jeffrey Yates,6
organization,Unknown,1465792,6
organization,Unknown,172114,1
organization,Unknown,657,6
organization,Unknown,760402,2
person,Country_271835,Tyler Brown,2
company,Country_271835,Cape of Good Hope  Oyj,6
organization,Unknown,874124852,6
location,Unknown,fc4e853f-6e18-4631-bf95-f70d6a30579f,11
location,Unknown,705283b0-cdb7-4f0a-8481-b3fea243a8e5,6
vessel,Unknown,Boat,2
person,Country_271835,Teresa Rivera,2
vessel,Unknown,salmon,6
person,Country_271835,George Ramirez,6
organization,Unknown,7320771,0
organization,Unknown,94760735,0
Uncategorized,Unknown,Aleut Community St,11
Uncategorized,Unknown,KanuuxÌ,11
location,Unknown,e8036bce-0679-41d2-aa7b-d444163ae65a,11
Uncategorized,Unknown,âSewardâs Follyâ,6
Uncategorized,Unknown,âAlaÄum KanuuxÌ,11
organization,Unknown,42603647,1
organization,Unknown,8544797,1
organization,Unknown,5070599,1
organization,Unknown,8966,1
organization,Unknown,39,1
vessel,Unknown,Plastic,0
location,Unknown,e53552bc-174b-4799-b96b-c23cfa0731cb,7
organization,Unknown,9166,7
organization,Unknown,48,2
location,Unknown,c14a3dc1-59d0-4b92-b9f3-331e51912787,13
organization,Unknown,505943,0
organization,Unknown,79538,7
person,Country_271835,Kevin Norton,7
Uncategorized,Unknown,âgreenâ,6
organization,Unknown,36,6
person,Country_271835,Amy Wise,13
political_organization,Unknown,40952,7
location,Unknown,52093e45-b873-4300-9612-8dfc291b1339,0
organization,Unknown,528,6
person,Country_271835,Hunter Wheeler,7
person,Country_271835,Christopher Miller,13
location,Unknown,ae88562c-5c39-4c15-b128-b4f67f5e5812,12
Uncategorized,Unknown,ipoa-iuu,0
location,Unknown,2ceda972-c633-4a88-bbe8-a4fe48cb5555,0
Uncategorized,Unknown,Torremolinos,0
Uncategorized,Unknown,International-Convention,0
Uncategorized,Unknown,imo,0
vessel,Unknown,Spy,6
person,Country_483478,Courtney Evans,7
Uncategorized,Unknown,Mexicoâs YucatÃ,7
person,Country_271835,Jerry Welch,7
location,Unknown,1196cfc8-175c-465b-aee9-fbf74c81aa49,7
movement,Unknown,days,13
location,Unknown,e678510b-947d-455a-8eb0-44d1009682ec,6
Uncategorized,Unknown,The Pew Charitable Trustsâ,6
vessel,Unknown,Leng 999 Gal,2
location,Unknown,a0deebdf-db0c-4aa8-91b6-0536e017c20f,7
organization,Unknown,25125567,0
person,Country_542476,Thomas Morales,13
person,Country_271835,Mary Lucas,11
person,Country_271835,Morgan Black,11
person,Oceanus,Kristine Vaughn,7
organization,Unknown,1301719,6
person,Oceanus,Amanda Gibson,7
person,Country_271835,Carlos White,11
person,Country_271835,Robert Adams,6
person,Country_271835,Brandon Jackson,6
organization,Unknown,691192,11
organization,Unknown,243964,11
company,Country_271835,Turkish Sword Ltd Export,2
person,Country_271835,Melissa Spence,7
location,Unknown,e13aca6a-88b5-4be7-a293-4a57854d7b1d,7
person,Country_271835,Daniel Snyder,7
person,Country_271835,Allison Leonard,7
Uncategorized,Unknown,ââ,13
organization,Unknown,111795162,1
event,Unknown,âHe,7
organization,Unknown,314,0
organization,Unknown,979893388,13
person,Country_271835,Tammy Ryan,6
location,Unknown,e1d7b4ac-ed31-42a4-9375-4afb0f78f276,2
person,Country_271835,Mary Horton,2
vessel,Unknown,cutter James,2
location,Unknown,1da2bc5a-e590-41c9-9982-2ade48dfc426,0
organization,Unknown,842229565,1
person,Country_271835,Dylan Roberts,7
vessel,Unknown,Hang,7
organization,Unknown,41695239,6
organization,Unknown,489,6
Uncategorized,Unknown,GalÃ,2
political_organization,Unknown,950296,2
vessel,Unknown,Oceans,0
person,Country_271835,David Weber,12
location,Unknown,7c54563c-577c-462f-8e30-389b510c776a,6
event,Unknown,Morning,6
person,Country_271835,Jennifer Simmons,6
location,Unknown,72899187-0989-47fa-9db0-cd1d4c3fc4e3,12
organization,Unknown,833355,6
organization,Unknown,613281364,6
organization,Unknown,801809,6
person,Country_271835,Angela Spencer,2
organization,Unknown,32416483,6
organization,Unknown,7328,1
company,Country_271835,OceanicOrigin Foods Co and Son's,1
organization,Unknown,71317,1
organization,Unknown,852015,1
organization,Unknown,65,6
organization,Unknown,58745,6
organization,Unknown,61057213,0
organization,Unknown,653,0
organization,Unknown,678,6
organization,Unknown,6393,0
person,Country_271835,Brian Wolfe,12
location,Unknown,34f0cbbf-83c3-4e09-ad7a-b94a778f7c12,6
person,Country_271835,Madison Edwards,13
person,Marebak,Calvin Salas,11
organization,Unknown,685607,7
person,Wysterion,Tristan Johnson,11
person,Country_271835,Andrew Gamble,6
organization,Unknown,492238508,0
person,Country_709784,Anita Tate,0
organization,Unknown,4447143,0
location,Unknown,36b70b18-465a-442f-bfbe-cedb85d48acc,6
organization,Unknown,13,6
organization,Unknown,3887,12
vessel,Unknown,reefers,1
Uncategorized,Unknown,âencounteredâ,0
person,Country_271835,Kimberly Lara,7
person,Country_271835,Danielle Camacho,7
person,Country_271835,Mr. Justin Bailey MD,1
person,Country_271835,Jennifer Brown,6
person,Country_271835,John Barnes DDS,13
person,Country_271835,Stephanie Quinn,1
organization,Unknown,9590898,13
person,Arreciviento,Joshua Garrett,13
organization,Unknown,95230042,13
organization,Unknown,21240092,13
organization,Unknown,7234,13
person,Country_271835,Mary Jenkins,1
political_organization,Unknown,75835980,1
organization,Unknown,23774,1
person,Luminsia,Nicole Smith,1
organization,Unknown,9992346,1
organization,Unknown,227,1
person,Country_271835,Jennifer Reilly,13
organization,Unknown,7441,12
Uncategorized,Unknown,Fisheries Animal Industriesâ,12
person,Country_271835,Cynthia Byrd,7
person,Country_271835,Christopher Hernandez,11
organization,Unknown,58666504,13
person,Country_271835,Jennifer Frederick,13
organization,Unknown,70347729,13
organization,Unknown,116070050,6
location,Unknown,b47086b0-e225-436a-83b1-2cf5cda4dbd5,6
organization,Unknown,613465161,6
person,Country_271835,Kristin Jones,2
organization,Unknown,884648,13
organization,Unknown,90,13
organization,Unknown,353149780,13
organization,Unknown,2913,13
location,Unknown,88a1fe65-33d9-487a-a3ac-d4208f41b754,2
person,Country_271835,Jenna Barton,2
person,Country_271835,Jessica Owens,6
person,Country_271835,Daniel Wood,7
location,Unknown,88e9e7e8-3edf-4fd4-959d-8ec4f53e59d6,6
location,Unknown,f7a4114d-d1ca-44df-a7e0-c72e440671ba,0
organization,Unknown,6038,0
vessel,Unknown,Chinook,12
location,Unknown,f9f6fc72-83db-4c44-a818-dde6c33985f9,0
organization,Unknown,67909,0
location,Unknown,e09b64a2-397a-4bec-96a1-7d61479fe37a,6
organization,Unknown,1012,1
person,Country_271835,Katelyn Gibson,12
person,Country_271835,Kayla Reynolds,1
organization,Unknown,724,1
person,Country_271835,Alyssa Mccoy,6
person,Country_271835,James Hernandez,6
location,Unknown,1f899410-3447-48e7-bcb3-cbff10619e86,6
person,Country_271835,Barbara Mccarty,7
person,Country_271835,Christopher Simon,7
person,Country_271835,Lauren Jackson DDS,11
event,Unknown,ï¬shes,11
event,Unknown,ï¬sh,11
person,Country_990614,Darren Wilson,13
person,Country_271835,Andrew Miller,13
political_organization,Unknown,440994840,6
person,Country_271835,Krystal Lee,13
organization,Unknown,506986590,1
organization,Unknown,7321,1
organization,Unknown,647724,1
organization,Unknown,1214936,1
person,Country_271835,Philip Black,7
person,Country_271835,Laurie Clark,6
organization,Unknown,7548555,13
vessel,Unknown,ARA Contraalmirante Cordero,13
person,Country_271835,Elijah Gordon,11
organization,Unknown,461553,0
person,Oceanus,Rebecca Fox,6
person,Country_271835,Brandy Williams,13
location,Unknown,d6968538-6f18-4a1c-a4e2-59de3c0e25c2,6
person,Country_271835,Robert Vega,13
organization,Unknown,216,1
person,Oceanus,Frederick Hunter,2
location,Unknown,06c161ac-e601-493f-b8df-839382e16a74,6
person,Country_271835,Julie Parks,7
vessel,Unknown,USS Hurricane,1
vessel,Unknown,PC,1
person,Country_271835,Brandi White,6
person,Country_271835,Tara Hanson,1
person,Country_271835,Wesley Vasquez,1
location,Unknown,97836b65-db6a-43bf-9467-cf57d84645ff,6
person,Country_271835,Douglas Gillespie,6
person,Marebak,Anthony Le,7
person,Country_271835,Jo Francis,7
person,Country_271835,Stephanie Thompson,7
person,Country_271835,Michael Baker,6
person,Country_271835,Sabrina Zamora,7
person,Country_271835,Hannah Chandler,7
person,Country_271835,Dr. Michelle Dominguez,7
person,Oceanus,Patricia Bowen,11
person,Country_271835,Paul Holloway,11
person,Country_271835,Maria Russell,7
political_organization,Unknown,91,11
organization,Unknown,72875,0
person,Country_443882,Heidi Kline,2
organization,Unknown,863749817,2
organization,Unknown,475,2
organization,Unknown,567217,2
vessel,Unknown,Oliver,2
person,Country_271835,Amanda Becker,2
person,Country_271835,Jonathan Spence,6
person,Country_271835,Ann Flowers,6
organization,Unknown,60774,6
company,Country_271835,Fin Flair Pic Delivery,6
person,Marebak,Anna Smith,7
organization,Unknown,760219951,6
political_organization,Unknown,36744944,13
location,Unknown,6b58646e-1d3a-4b72-b8a0-9f57c296d73d,6
organization,Unknown,9280,6
location,Unknown,cc6cf3e0-5794-4497-a31d-79b4db1b55a9,6
location,Unknown,b636c0f8-2ddf-42ad-9f9c-73bd48682561,2
Uncategorized,Unknown,âtransshipmentâ,0
person,Marebak,Brooke Garza,0
vessel,Unknown,Feng,0
organization,Unknown,5235138,6
person,Country_271835,Samuel Stokes,11
person,Oceanus,Marcus English,0
person,Country_271835,Hannah Taylor,7
person,Country_271835,Monique Rios,11
event,Unknown,yearsâthat,1
political_organization,Unknown,950574,1
Uncategorized,Unknown,Pacific Island States United Statesâ,1
Uncategorized,Unknown,territory American Samoa,1
location,Unknown,62d4bdbc-8978-4cbf-b9ea-82aaa9188c91,6
company,Country_271835,Coastal Crusaders Kga Worldwide,6
person,Country_271835,Luis Douglas,6
company,Country_271835,Seashell Sanctum SRL Transport,6
organization,Unknown,7892,1
organization,Unknown,8513,6
organization,Unknown,1415,0
organization,Unknown,3433,0
person,Country_271835,Kara Sullivan,0
person,Country_271835,Trevor Brown,12
person,Country_271835,Kimberly Roberts,12
person,Country_271835,Shawna Welch,6
person,Country_271835,Zachary Jordan,12
Uncategorized,Unknown,holesâ,12
organization,Unknown,89526932,2
vessel,Unknown,boatâs,11
location,Unknown,c66f5cd5-3891-43ce-a3f8-0147b3d643b1,6
location,Unknown,032522db-8105-4c26-8142-ae9d5806f7c5,6
organization,Unknown,245658,0
organization,Unknown,552027385,0
Uncategorized,Unknown,âconservativeâ,0
person,Country_271835,Robin Fernandez,1
person,Country_271835,Diana Kelley,6
person,Country_271835,Miranda Small,6
person,Country_271835,Stacey Ortega,0
vessel,Unknown,FV,12
person,Country_980042,Gary Crawford PhD,12
vessel,Unknown,FV Snake,12
vessel,Unknown,FV Viking,12
vessel,Unknown,FV Thunder,12
Uncategorized,Unknown,Aquacultureâ,12
location,Unknown,da7677f8-d1f0-4e35-afe9-4240613e866b,2
organization,Unknown,48115,2
person,Mawazam,Rhonda Sullivan,2
person,Country_216139,Adam Gutierrez,6
person,Country_271835,Gregory Carter,6
person,Country_271835,Martin Bryant,6
organization,Unknown,903311212,6
location,Unknown,1710a32e-7a58-4d7f-9c5e-bf897b7419a3,6
person,Country_271835,Daniel Shaffer,6
person,Country_913963,Wendy Crane,2
person,Oceanus,Richard Bowers,7
person,Country_271835,Joshua Hammond,7
person,Country_230197,Samuel Cross,6
Uncategorized,Unknown,DECEUNINCK,6
organization,Unknown,10880329,0
person,Oceanus,Rhonda Price,6
location,Unknown,e941d006-6590-4143-9d0d-12926b0b6f5c,2
person,Country_271835,Tyler Blanchard,2
location,Unknown,e0cdfc51-7473-481d-8900-03f66d6e359e,11
person,Country_271835,Ricardo Gomez,11
organization,Unknown,75471,11
movement,Unknown,14 months,11
event,Unknown,âcatch,0
event,Unknown,âtotal,0
Uncategorized,Unknown,âMoby-Dickâ,11
location,Unknown,04eab3c4-ed99-467b-8844-b5279a6b955e,6
person,Country_271835,Amanda Santana,11
person,Country_271835,Dana Macias,11
person,Country_271835,Helen Chase,7
person,Country_271835,Candace Burnett,7
organization,Unknown,34153143,11
Uncategorized,Unknown,âTheoretically,11
person,Uzilandor,Jonathan Torres,11
person,Country_271835,Gary Dunn,11
organization,Unknown,721436,11
person,Country_271835,Brittany Frey,11
person,Country_271835,Brett Williams,11
person,Country_271835,Linda Holden,11
person,Country_271835,Donna Romero,11
person,Country_271835,Amanda Garcia,11
Uncategorized,Unknown,4âÃâ15â,6
Uncategorized,Unknown,â60,6
vessel,Unknown,diesel,6
vessel,Unknown,bottom otter trawler,6
organization,Unknown,1559,1
organization,Unknown,75399,12
location,Unknown,da91eeb8-11f7-4634-95e7-f9413e9957aa,6
organization,Unknown,720,1
location,Unknown,fdcbe098-dbe6-4e52-8bd7-96cf3ae30101,1
organization,Unknown,779,1
organization,Unknown,762165,11
organization,Unknown,428,1
Uncategorized,Unknown,FlodstrÃ,6
organization,Unknown,449820,13
organization,Unknown,6406914,13
person,Country_271835,Madeline Collins,6
person,Country_271835,Brittany Brewer,6
Uncategorized,Unknown,allAfrica,0
organization,Unknown,41713,12
organization,Unknown,900338,0
organization,Unknown,665912557,13
person,Country_271835,Danielle Perry,2
person,Country_271835,Laurie Mclaughlin,6
event,Unknown,morningâs,7
person,Country_271835,Anna Thomas MD,7
person,Oceanus,Michele Black,7
person,Oceanus,Matthew White,11
Uncategorized,Unknown,Â£800,7
person,Country_699698,Tonya Key,7
person,Country_271835,Sara Waller,13
person,Country_271835,Daniel Middleton,0
location,Unknown,813be272-d3de-43c9-90be-ab14231fcf17,7
event,Unknown,âSay,7
person,Country_271835,Stacey Ortiz,7
person,Oceanus,Scott Simpson,7
person,Country_271835,Loretta Harrington,7
organization,Unknown,203,7
organization,Unknown,99661834,1
organization,Unknown,55394387,11
location,Unknown,950ce1a6-a178-4e3e-9316-91ab7ca88664,6
person,Country_271835,Hannah Brown,11
person,Country_271835,Bobby Walker,11
political_organization,Unknown,221942,7
location,Unknown,0d1c7ce3-7243-47c0-9280-a3262b52dc0f,11
location,Unknown,634ac4e7-12af-494f-95f5-cd853363525f,1
company,Country_271835,Khundu Ltd. Liability Co,2
organization,Unknown,327277616,7
organization,Unknown,637608,7
person,Country_271835,Benjamin Barton,7
organization,Unknown,5337,7
vessel,Unknown,underwater,6
Uncategorized,Unknown,waterâ,6
person,Country_271835,Mrs. Katrina Williams,6
organization,Unknown,13249468,2
vessel,Unknown,Aine,6
Uncategorized,Unknown,intrafish,0
Uncategorized,Unknown,choicesmagazine,7
person,Country_271835,Blake Smith,13
organization,Unknown,42990314,13
Uncategorized,Unknown,âpoachedâ,6
Uncategorized,Unknown,krxd,6
vessel,Unknown,operated vehicle,6
person,Country_271835,Robert Goodman,7
vessel,Unknown,Snow Crab,6
person,Country_271835,Carol Wade,6
person,Islavaria,Dana Knapp,6
person,Country_271835,Jeanette Kim,13
company,Country_322527,Diao yu bi sai Tidal BV Export,6
person,Oceanus,Patricia Flores,6
person,Country_271835,Lisa Castaneda,7
person,Country_271835,Christina Abbott,7
organization,Unknown,4657860,13
person,Country_271835,Lauren Garner,6
organization,Unknown,806,6
company,Country_271835,Madhya Pradesh Market Pic Transportation,7
organization,Unknown,3308429,13
person,Country_712875,Wendy Miller,13
person,Country_996415,Danielle Sosa,1
person,Country_271835,James Carr,1
person,Country_271835,Daniel Burton,1
person,Country_271835,Jerry Miller,1
organization,Unknown,15758645,2
political_organization,Unknown,838200939,7
person,Country_271835,Jennifer Washington,1
person,Country_271835,Peter Bush,1
person,Country_57382,Justin Fowler,1
organization,Unknown,120,1
organization,Unknown,2422788,1
Uncategorized,Unknown,MCDP,1
location,Unknown,c97073d1-61a4-4a06-a189-8b4642a699e1,1
political_organization,Unknown,66,1
location,Unknown,65872b93-db53-4445-a72e-8f84b3d7edfc,12
vessel,Unknown,Ships,2
organization,Unknown,9697,2
organization,Unknown,6204,6
location,Unknown,96c31987-d50d-4680-9397-2a9d0e3946e1,2
vessel,Unknown,sailboat Freeport,2
vessel,Unknown,Perch,6
person,Country_271835,Ariel Thornton,6
person,Country_271835,George Vance,6
vessel,Unknown,CraftâLaw,2
vessel,Unknown,Ocean Patrol,13
vessel,Unknown,ARA Bouchard,13
person,Country_271835,Kristin Dawson,7
Uncategorized,Unknown,âAwachaâ,12
person,Country_271835,Brandon Hughes,12
vessel,Unknown,electric,6
vessel,Unknown,wheeler,6
organization,Unknown,570683,6
organization,Unknown,3342,2
organization,Unknown,354,2
Uncategorized,Unknown,âElquiâ,2
person,Country_271835,Lindsey Conway,6
person,Country_271835,Ryan Perez,2
location,Unknown,dd3f2822-2964-4d18-92c2-7a6db4b4a9e5,2
organization,Unknown,6567453,2
organization,Unknown,4086,6
location,Unknown,a0ea93dc-6767-4682-b424-21b5a24ea24b,6
vessel,Unknown,bulker,12
company,Country_271835,Kariba Dam  Corporation Nautical,12
movement,Unknown,ninety,13
event,Unknown,90,13
organization,Unknown,822596165,13
organization,Unknown,5421,13
company,Country_271835,Pez Dorado BV Logistics,13
location,Unknown,019d89a8-36be-4402-bf3c-d13cb982cf3f,13
location,Unknown,6f59e8d7-8f5d-4a7d-a3a4-50ddcb7ad9ad,13
person,Country_271835,Darin Torres,0
person,Country_271835,Tracy Rogers,12
person,Country_271835,Kevin Morris,0
organization,Unknown,9237588,6
person,Country_271835,William Murray,6
company,Country_271835,Punjab Market Marine sanctuary ship,6
location,Unknown,5025f249-0b3c-4741-a7aa-090d93395acf,6
location,Unknown,111274e2-c155-4640-9a8e-f506f3fbca06,6
location,Unknown,aac2c35c-d06d-45df-a1f8-a0c4001f3897,6
person,Country_271835,James Horton,6
person,Country_271835,Brian Hansen,11
person,Country_271835,Michelle Jackson,6
political_organization,Unknown,17592,13
location,Unknown,5d1f2e9c-f74a-41e9-974f-9b4e57edc9d7,6
person,Country_271835,Katherine Chavez,6
person,Country_271835,Stephen Marks,6
organization,Unknown,2793,2
person,Country_271835,Martin Bell,2
person,Country_271835,Michelle Long,6
Uncategorized,Unknown,âlaughableâ,11
organization,Unknown,299,11
person,Country_271835,Jennifer Barber,11
person,Country_271835,Ryan Hudson,11
person,Country_271835,John Avila,6
organization,Unknown,2362,6
company,Country_271835,Simien Mountains  Company Delivery,6
organization,Unknown,519852438,11
Uncategorized,Unknown,âlegitimateâ,11
person,Country_271835,William Kim,11
person,Country_271835,Jeffrey Strong,13
person,Country_271835,Susan Williams,13
organization,Unknown,432526990,11
person,Country_271835,Kathryn Gomez,11
organization,Unknown,463,7
event,Unknown,âbelieve,11
person,Country_271835,Dr. Daniel Massey,11
event,Unknown,âWhatâs,11
person,Country_271835,Kathleen Benitez,7
Uncategorized,Unknown,Easterlingsâ,11
person,Country_271835,Seth Peters,11
location,Unknown,8851578d-3dd7-4430-8f73-b95305eb1f03,2
political_organization,Unknown,8634589,13
organization,Unknown,7260903,13
company,Country_271835,su y CJSC Canal,13
location,Unknown,cc3c9a3e-9226-43e0-9c2e-2cabec77b0fc,6
person,Country_247330,Barry Harris,7
person,Country_271835,Philip Murphy,7
political_organization,Unknown,9345,7
person,Polarisdom,Jon White,7
person,Country_614826,Emily Kennedy,7
person,Country_271835,Kevin Burnett,7
organization,Unknown,218148,7
person,Country_271835,Rebecca Walker,7
location,Unknown,decfc924-5bdc-4fba-8bbd-bb57d8d478d9,7
person,Polarisdom,Amanda Scott,7
Uncategorized,Unknown,22 Raptor,7
company,Polarisdom,Estrella del Mar Inc Merchants,7
person,Country_271835,Gerald Washington,7
person,Country_271835,Jessica Kelly,7
organization,Unknown,60017,7
person,Country_271835,Scott Johnson,6
person,Country_271835,Melissa Bates,7
person,Country_271835,Mary Clements,6
person,Country_271835,Sylvia Johnson,6
location,Unknown,5fddadd0-71e7-4bdf-a471-daddd5f376b8,1
location,Unknown,7ed038cd-64da-492f-a338-5c4636b91a2b,6
organization,Unknown,80774,6
person,Country_271835,Seth Kelley,13
person,Country_271835,Wanda Collins,6
location,Unknown,6d0e9c69-47a0-497e-b26e-28755c949385,6
organization,Unknown,5362,11
person,Country_271835,Dr. Christina Jensen DDS,2
location,Unknown,88b35c10-45ae-4ded-ae4a-6cad038cfd91,6
organization,Unknown,553828215,6
organization,Unknown,663,6
person,Country_271835,Lindsey Barr,6
Uncategorized,Unknown,Filkinsâ,6
organization,Unknown,43223,6
organization,Unknown,765078,7
organization,Unknown,172279392,7
person,Country_271835,Amanda Rogers,2
organization,Unknown,4852,2
vessel,Unknown,electric cars,6
location,Unknown,b8649055-5b40-43e1-ba33-93182cf978d4,6
location,Unknown,1bf22b98-519c-4131-8bb4-53ecdd193100,6
organization,Unknown,8503254,11
person,Country_271835,Randall Newman,6
person,Country_271835,Austin Simpson,13
location,Unknown,b1d6e468-f3c5-45f3-90a2-e76b2f329b2d,13
person,Country_271835,Grace Perez,13
person,Country_271835,Travis Rivera,13
person,Country_271835,Larry Morrow,13
person,Country_271835,Tammy Martin,13
political_organization,Unknown,436460757,13
Uncategorized,Unknown,brianbushard,13
Uncategorized,Unknown,siladityaray,13
person,Country_271835,Jeremy Woodard,13
organization,Unknown,8302,13
political_organization,Unknown,6352,13
person,Country_271835,Paul Wiley,13
person,Country_271835,Miranda Long,13
person,Country_271835,Michelle Kelley,13
person,Country_271835,Marvin Everett,13
person,Country_271835,Joseph Williams,13
political_organization,Unknown,176,13
person,Country_271835,Scott Anderson,13
Uncategorized,Unknown,âenticedâ,13
person,Country_271835,Kristen Martin,6
Uncategorized,Unknown,âPartnersâ,6
organization,Unknown,740111283,2
organization,Unknown,3657479,6
organization,Unknown,2810009,12
organization,Unknown,129461,12
company,Country_271835,Congo Rapids  Marine sanctuary GmbH & Co. KG Marine sanctuary,12
Uncategorized,Unknown,The Defendantsâ,6
location,Unknown,86ac9e66-f9e8-4f2b-ad17-39a52c23288c,6
organization,Unknown,9550,1
location,Unknown,6ffd3349-37f4-48c5-bc9a-1b80e722e939,13
company,Country_271835,Danish Lobster Limited Liability Company Brothers,6
organization,Unknown,46901627,12
Uncategorized,Unknown,PÃ,12
location,Unknown,2ec12718-97bf-45a6-aff5-2d1b9b11d29a,1
Uncategorized,Unknown,âcommissionâ,12
organization,Unknown,5007554,12
organization,Unknown,72630,12
person,Country_271835,Jeremy Jarvis,12
organization,Unknown,558,12
organization,Unknown,55674,12
Uncategorized,Unknown,âinconsistenciesâ,12
person,Country_271835,Timothy Austin,12
organization,Unknown,17353795,12
person,Country_271835,Matthew Flores,12
Uncategorized,Unknown,âadjustingâ,12
person,Country_271835,Tammy Garcia,12
organization,Unknown,352,6
organization,Unknown,662290,12
movement,Unknown,In month,6
person,Country_271835,Candice Brown,6
person,Country_271835,Vincent Cummings,6
organization,Unknown,109071721,1
event,Unknown,ParÃ¡âs,0
person,Arreciviento,Douglas Gordon,12
Uncategorized,Unknown,âillegalâ,12
organization,Unknown,400,7
organization,Unknown,2430986,7
organization,Unknown,327572963,12
organization,Unknown,438,12
Uncategorized,Unknown,Hardwoodsâ,6
person,Country_746165,John Brown,12
company,Country_271835,SeaSelect Foods Corp Dry dock,12
Uncategorized,Unknown,meridaâ,12
organization,Unknown,8251198,12
organization,Unknown,7914,12
person,Country_271835,Deborah Bell,12
organization,Unknown,8269,12
person,Arreciviento,Vanessa Chandler,12
organization,Unknown,64545,12
organization,Unknown,151159036,12
organization,Unknown,3383,12
Uncategorized,Unknown,Menardsâ,12
location,Unknown,f64e747e-13de-4628-b939-92a8ff4eb03f,0
person,Country_271835,Rachel Arnold,12
person,Country_244549,Julie Callahan,13
location,Unknown,68ac10aa-80a3-4b3c-99e5-f5708715ab2c,13
person,Country_271835,Christopher Benitez,6
Uncategorized,Unknown,Pitâ,0
person,Country_271835,David Romero,6
person,Country_271835,Elizabeth Armstrong,11
person,Country_271835,Melissa Brock,11
company,Country_271835,Sudd Swamp  Wave AS Freight ,13
person,Country_271835,Sergio Ross,0
Uncategorized,Unknown,Plattsâ,0
person,Country_271835,Patricia Hunter,0
vessel,Unknown,Deepwater Horizon,0
organization,Unknown,455617,0
organization,Unknown,39033859,1
organization,Unknown,62532,1
organization,Unknown,649009867,1
person,Country_271835,Robert Rodriguez,6
location,Unknown,da243ebe-ea98-4510-a6a8-add6679f9d1a,6
vessel,Unknown,Bulk Carrier,6
location,Unknown,b400d237-4d56-4de8-917a-8e7654ccf315,6
location,Unknown,cd7cb49f-0021-4fe9-a3a9-cc8b3fce0c57,6
person,Country_271835,Andrew Harrison,2
organization,Unknown,18403617,13
location,Unknown,011ad1ae-ae1b-4c74-9f58-c020e6a3e836,6
person,Country_271835,Bryan King,6
person,Country_271835,Manuel Hess,6
person,Rio Isla,Tom Bauer,7
organization,Unknown,4524860,12
movement,Unknown,three-hour,12
vessel,Unknown,Motor Vessel,6
organization,Unknown,24996,6
organization,Unknown,90411963,6
location,Unknown,114d2882-b620-4098-bb56-d865bbb85339,0
person,Country_271835,Christopher Moore,0
organization,Unknown,28890617,2
organization,Unknown,14636,6
event,Unknown,Storm,6
person,Country_271835,Diane Forbes,13
person,Country_271835,Dawn Robinson,13
person,Country_271835,John Murray,12
person,Country_271835,Nathaniel Shah,6
person,Country_271835,Stephen Peterson,6
person,Country_271835,Eric Roman,7
company,Oceanus,hi xng BV Carriers,6
person,Country_271835,Martin Jones,6
person,Country_271835,Chad Ruiz,6
organization,Unknown,687878,6
organization,Unknown,368951,6
location,Unknown,c0ce6d15-622b-42a3-b892-f5efe5b4d00c,6
location,Unknown,a086a63d-19c7-4241-845a-f82c628d09a2,6
person,Country_271835,Brett Lee,6
person,Country_271835,Noah Mitchell,6
location,Unknown,037acfda-0d33-4ce8-8907-fe7da3e27dff,6
Uncategorized,Unknown,âexemplaryâ,6
vessel,Unknown,scooter,6
organization,Unknown,6071877,7
location,Unknown,93ac5fec-5f52-4431-a3ff-91430a8062f6,7
person,Country_271835,Matthew Anderson,7
location,Unknown,332bb88e-0a63-41e3-8a27-87795fd552e9,6
event,Unknown,course years,6
organization,Unknown,440,11
location,Unknown,4294544a-9643-4cfd-97a0-ac656cb17e60,11
person,Country_271835,Hannah Ray,6
person,Country_271835,Nicholas King,6
organization,Unknown,214883455,11
location,Unknown,e69d4cb2-8bec-4496-8518-7426c6b9da65,1
company,Country_271835,Kagera River  GmbH & Co. KG Delivery,11
organization,Unknown,313441257,6
organization,Unknown,222079892,2
organization,Unknown,2919,2
person,Country_271835,Dana Montes,2
person,Country_271835,Kendra Owens,12
organization,Unknown,715490,11
person,Country_271835,Terri Rodriguez,6
political_organization,Unknown,73470062,6
person,Country_271835,Kenneth Fox,6
Uncategorized,Unknown,âshabuâ,2
person,Country_271835,Rebecca Coleman,2
organization,Unknown,868626239,2
organization,Unknown,573756802,2
person,Country_271835,Margaret Hodges,6
person,Country_271835,Diana Dawson,6
organization,Unknown,613556,13
organization,Unknown,979294,6
organization,Unknown,5246016,6
organization,Unknown,64667049,6
person,Country_271835,Travis Sparks,0
person,Country_271835,Deborah Porter DDS,0
Uncategorized,Unknown,âshark finâ,6
movement,Unknown,2028,12
location,Unknown,bc507d7c-29c9-4b0d-909e-52dd450a25d3,6
person,Country_271835,Cody Lewis,6
person,Country_271835,Karen Delgado,12
Uncategorized,Unknown,13d79d632036,13
person,Country_271835,Susan Mendoza,1
person,Country_271835,Laura Smith,6
Uncategorized,Unknown,2038650116,13
Uncategorized,Unknown,sectors sectors 2033,11
location,Unknown,b8567859-bf54-49fd-8332-5775e19c65af,12
person,Country_271835,Kelly Mccarthy,7
person,Country_271835,Frederick Taylor,12
location,Unknown,3eed159b-e98e-4f8a-98c2-c34341435411,6
person,Country_271835,Curtis Grant,6
person,Country_271835,Lindsay Bennett,6
location,Unknown,e631b105-4953-43e1-8d37-a3ab5dd3d860,12
location,Unknown,f514483d-fb5f-4cb2-bb8d-b616b10336d8,0
location,Unknown,165e0fe7-6725-4f4c-abc1-3ef485a939b0,6
organization,Unknown,FishEye International,2
Uncategorized,Unknown,Ancla Azul Company Solutions,7
Uncategorized,Unknown,âpair,0
Uncategorized,Unknown,Guessl,0
Uncategorized,Unknown,Federated,0
Uncategorized,Unknown,FinestSea Ltd. Corporation Enterprises,0
Uncategorized,Unknown,Playa de la Felicidad Oyj Cargo,0
Uncategorized,Unknown,l y S.A. de C.V. International,0
Uncategorized,Unknown,SeaSpray Wave SRL Solutions,6
Uncategorized,Unknown,Ocean Fisheries Llc,6
Uncategorized,Unknown,Fisherman'sFriend Charter Boat S.A. de C.V. Freight ,2
Uncategorized,Unknown,FiTI,1
Uncategorized,Unknown,Faurtil FÃ¡brica Urnas TietÃª,6
Uncategorized,Unknown,Turkish Mussels Ltd. Liability Co Marine biology,12
Uncategorized,Unknown,Fish Sea,0
Uncategorized,Unknown,Sea Products,0
Uncategorized,Unknown,Ex-Lax,1
Uncategorized,Unknown,Fishisland,2
Uncategorized,Unknown,âGenev,2
Uncategorized,Unknown,Oceanfront Oasis Inc Carriers,2
Uncategorized,Unknown,Qingdao Kaiyuan Seafoods,0
Uncategorized,Unknown,Platts Oilgram,0
Uncategorized,Unknown,Kerala Market Corp Consulting,0
Uncategorized,Unknown,Mar de la Vida OJSC,7
Uncategorized,Unknown,West Bengal S.A. de C.V.,6
Uncategorized,Unknown,Seafood,6
Uncategorized,Unknown,Fisheries Inc,1
Uncategorized,Unknown,Getis-Ord,0
Uncategorized,Unknown,Bergmanâs,7
Uncategorized,Unknown,Conduct Joint,2
Uncategorized,Unknown,âTrials,6
Uncategorized,Unknown,BPâs,6
Uncategorized,Unknown,Shellfish Chile SA,6
Uncategorized,Unknown,Mar de Cristalino Co,6
Uncategorized,Unknown,SaltwaterSavor Shipyard LC Merchants,6
Uncategorized,Unknown,sh rn y Corporation,13
Uncategorized,Unknown,Insung,12
Uncategorized,Unknown,Petroleum Vapor Intrusion,1
Uncategorized,Unknown,The Salty Dog Tidepool Kga Transport,11
Uncategorized,Unknown,Scottish Trout Limited Liability Company Transit,2
Uncategorized,Unknown,Amorim Flooring,12
Uncategorized,Unknown,Stock SA,6
Uncategorized,Unknown,Aqua Ambassadors Limited Liability Company,11
Uncategorized,Unknown,Sea Luxe Oceanography Kga Transportation,11
Uncategorized,Unknown,âbracatinga,12
Uncategorized,Unknown,Seaside Sojourns A/S Shipping,2
Uncategorized,Unknown,Blue Water Ventures Kga,6
Uncategorized,Unknown,Bloomberg Law,6
Uncategorized,Unknown,âCinder,0
Uncategorized,Unknown,Kariba Dam  N.V. Brothers,0
Uncategorized,Unknown,Tuna Vietnam,1
Uncategorized,Unknown,Marine Foods,1
Uncategorized,Unknown,3 Ltd. Liability Co,0
Uncategorized,Unknown,Hudsons Bay,11
Uncategorized,Unknown,STL,6
Uncategorized,Unknown,FiTIâs,1
Uncategorized,Unknown,Jharkhand s GmbH & Co. KG,6
Uncategorized,Unknown,Phillips,6
Uncategorized,Unknown,Rose,6
Uncategorized,Unknown,Savaneta Corporation Marine life,7
Uncategorized,Unknown,Michael Limited Liability Company,6
Uncategorized,Unknown,Irtysh - Inc Distribution,11
Uncategorized,Unknown,âUS,0
Uncategorized,Unknown,Orange River  AS Logistics,6
Uncategorized,Unknown,Andhra Pradesh  Investment Dry dock,12
Uncategorized,Unknown,Uber Connect,6
Uncategorized,Unknown,One Hongn,6
Uncategorized,Unknown,Himachal Pradesh Aquatic Plc Brothers,11
Uncategorized,Unknown,Lake Tanganyika Sea AS Shipping,12
Uncategorized,Unknown,Nagaland Sea Ltd. Liability Co &,12
Uncategorized,Unknown,Estrella de la Costa  Consultants,12
Uncategorized,Unknown,Kores De Venezuela C A,7
Uncategorized,Unknown,Faroe Islands Plc Investment,6
Uncategorized,Unknown,Logistics,2
Uncategorized,Unknown,Dispenseroo,6
Uncategorized,Unknown,80 Percent Arms,11
Uncategorized,Unknown,CM Nationali,11
Uncategorized,Unknown,MV,13
Uncategorized,Unknown,Alpha Brokersa,12
Uncategorized,Unknown,Sea Seekers Merchants Cruise ship,12
Uncategorized,Unknown,Ronald,2
Uncategorized,Unknown,C Express,2
Uncategorized,Unknown,Znamensk Eel LLC United,12
Uncategorized,Unknown,Sisdof/Sinaflor,12
Uncategorized,Unknown,IndÃºstria Madeireira Uliana,6
Uncategorized,Unknown,Felbab-Brown,6
Uncategorized,Unknown,Ocano del Este SE,6
Uncategorized,Unknown,Malabar Sea Catch Sp,13
